INSERT INTO capaian_comp (id, kode, deskripsi, modulesequence, objectname) VALUES
('1bcc6aaa-38a0-4185-bccc-585c8acb6397','IK-1','Mampu berkomunikasi secara efektif dalam konteks profesional serta mengedepankan nilai-nilai moral',null,'siakreborn.capaian.cpl.CapaianImpl'),
('2bcc6aaa-38a0-4185-bccc-585c8acb6397','IK-1','Mampu berkomunikasi secara efektif dalam konteks profesional serta mengedepankan nilai-nilai moral','capaian_impl, capaian_cpl','siakreborn.capaian.core.CapaianImpl'),
('3bcc6aaa-38a0-4185-bccc-585c8acb6397','IK-2','Mampu bekerja mandiri dan bekerja sama serta berkontribusi dalam tim dalam memberikan solusi berbasis komputasi',null,'siakreborn.capaian.cpl.CapaianImpl'),
('4bcc6aaa-38a0-4185-bccc-585c8acb6397','IK-2','Mampu bekerja mandiri dan bekerja sama serta berkontribusi dalam tim dalam memberikan solusi berbasis komputasi','capaian_impl, capaian_cpl','siakreborn.capaian.core.CapaianImpl'),
('5bcc6aaa-38a0-4185-bccc-585c8acb6397','IK-3','Mampu menerapkan prinsip profesionalisme, etika, legal, kepekaan sosial, tanggung jawab, inovasi serta kreatifitas dalam memberikan penilaian terhadap solusi berbasis komputasi',null,'siakreborn.capaian.cpl.CapaianImpl'),
('6bcc6aaa-38a0-4185-bccc-585c8acb6397','IK-3','Mampu menerapkan prinsip profesionalisme, etika, legal, kepekaan sosial, tanggung jawab, inovasi serta kreatifitas dalam memberikan penilaian terhadap solusi berbasis komputasi','capaian_impl, capaian_cpl','siakreborn.capaian.core.CapaianImpl'),
('7bcc6aaa-38a0-4185-bccc-585c8acb6397','IK-4','Mampu menerapkan fondasi pengembangan perangkat lunak dalam menganalisis dan memformulasikan masalah untuk menemukan solusi berbasis komputasi',null,'siakreborn.capaian.cpl.CapaianImpl'),
('8bcc6aaa-38a0-4185-bccc-585c8acb6397','IK-4','Mampu menerapkan fondasi pengembangan perangkat lunak dalam menganalisis dan memformulasikan masalah untuk menemukan solusi berbasis komputasi','capaian_impl, capaian_cpl','siakreborn.capaian.core.CapaianImpl'),
('9bcc6aaa-38a0-4185-bccc-585c8acb6397','IK-5','Merancang dan mengimplementasikan solusi berbasis komputasi dengan teknologi perangkat lunak, mengevaluasi agar solusi memenuhi kebutuhan, serta mempertimbangkan arsitektur sistem tempat solusi diimplementasikan.',null,'siakreborn.capaian.cpl.CapaianImpl'),
('10cc6aaa-38a0-4185-bccc-585c8acb6397','IK-5','Merancang dan mengimplementasikan solusi berbasis komputasi dengan teknologi perangkat lunak, mengevaluasi agar solusi memenuhi kebutuhan, serta mempertimbangkan arsitektur sistem tempat solusi diimplementasikan.','capaian_impl, capaian_cpl','siakreborn.capaian.core.CapaianImpl'),
('11cc6aaa-38a0-4185-bccc-585c8acb6397','IK-6','Mampu menerapkan penalaran matematis, kritis, dan logis, serta teori ilmu komputer dalam menghasilkan solusi berbasis komputasi',null,'siakreborn.capaian.cpl.CapaianImpl'),
('12cc6aaa-38a0-4185-bccc-585c8acb6397','IK-6','Mampu menerapkan penalaran matematis, kritis, dan logis, serta teori ilmu komputer dalam menghasilkan solusi berbasis komputasi','capaian_impl, capaian_cpl','siakreborn.capaian.core.CapaianImpl'),
('13cc6aaa-38a0-4185-bccc-585c8acb6397','SI-1','Mampu menerapkan penalaran yang kritis, sistematis, dan logis dalam menganalisa dan memformulasikan masalah serta mengikuti kaidah ilmiah untuk memperoleh solusi SI/TI',null,'siakreborn.capaian.cpl.CapaianImpl'),
('14cc6aaa-38a0-4185-bccc-585c8acb6397','SI-1','Mampu menerapkan penalaran yang kritis, sistematis, dan logis dalam menganalisa dan memformulasikan masalah serta mengikuti kaidah ilmiah untuk memperoleh solusi SI/TI','capaian_impl, capaian_cpl','siakreborn.capaian.core.CapaianImpl'),
('15cc6aaa-38a0-4185-bccc-585c8acb6397','SI-2','Mampu berkomunikasi secara efektif, dan bekerja sama dalam memberikan solusi yang memanfaatkan SI/TI',null,'siakreborn.capaian.cpl.CapaianImpl'),
('16cc6aaa-38a0-4185-bccc-585c8acb6397','SI-2','Mampu berkomunikasi secara efektif, dan bekerja sama dalam memberikan solusi yang memanfaatkan SI/TI','capaian_impl, capaian_cpl','siakreborn.capaian.core.CapaianImpl'),
('17cc6aaa-38a0-4185-bccc-585c8acb6397','SI-3','Mampu menerapkan etika profesi secara konsisten dengan memperhatikan isu-isu legal, keamanan, serta sosial dalam memanfaatkan SI/TI',null,'siakreborn.capaian.cpl.CapaianImpl'),
('18cc6aaa-38a0-4185-bccc-585c8acb6397','SI-3','Mampu menerapkan etika profesi secara konsisten dengan memperhatikan isu-isu legal, keamanan, serta sosial dalam memanfaatkan SI/TI','capaian_impl, capaian_cpl','siakreborn.capaian.core.CapaianImpl'),
('19cc6aaa-38a0-4185-bccc-585c8acb6397','SI-4','Mampu beradaptasi dalam mengikuti perkembangan teknologi informasi untuk pengembangan profesi di bidang SI/TI secara berkelanjutan',null,'siakreborn.capaian.cpl.CapaianImpl'),
('20cc6aaa-38a0-4185-bccc-585c8acb6397','SI-4','Mampu beradaptasi dalam mengikuti perkembangan teknologi informasi untuk pengembangan profesi di bidang SI/TI secara berkelanjutan','capaian_impl, capaian_cpl','siakreborn.capaian.core.CapaianImpl'),
('21cc6aaa-38a0-4185-bccc-585c8acb6397','SI-5','Mampu mengidentifikasi, merencanakan, merancang, mengimplementasi dan mengevaluasi solusi SI/TI yang aman dan optimal berdasarkan kaidah ilmiah yang selaras dengan kebutuhan organisasi',null,'siakreborn.capaian.cpl.CapaianImpl'),
('22cc6aaa-38a0-4185-bccc-585c8acb6397','SI-5','Mampu mengidentifikasi, merencanakan, merancang, mengimplementasi dan mengevaluasi solusi SI/TI yang aman dan optimal berdasarkan kaidah ilmiah yang selaras dengan kebutuhan organisasi','capaian_impl, capaian_cpl','siakreborn.capaian.core.CapaianImpl'),
('23cc6aaa-38a0-4185-bccc-585c8acb6397','SI-6','Mampu memilih dan menggunakan teknik dan perangkat yang paling sesuai best practice guna mendukung penyelesaian masalah organisasi',null,'siakreborn.capaian.cpl.CapaianImpl'),
('24cc6aaa-38a0-4185-bccc-585c8acb6397','SI-6','Mampu memilih dan menggunakan teknik dan perangkat yang paling sesuai best practice guna mendukung penyelesaian masalah organisasi','capaian_impl, capaian_cpl','siakreborn.capaian.core.CapaianImpl'),
('25cc6aaa-38a0-4185-bccc-585c8acb6397','CPMK-1','Mampu menerapkan konsep fondasi pemrograman untuk melakukan abstraksi dan menyelesaikan permasalahan komputasi sederhana.',null,'siakreborn.capaian.cpmk.CapaianImpl'),
('26cc6aaa-38a0-4185-bccc-585c8acb6397','CPMK-1','Mampu menerapkan konsep fondasi pemrograman untuk melakukan abstraksi dan menyelesaikan permasalahan komputasi sederhana.','capaian_impl, capaian_cpmk','siakreborn.capaian.core.CapaianImpl'),
('27cc6aaa-38a0-4185-bccc-585c8acb6397','CPMK-2','Mampu menerapkan konsep-konsep dasar kalkulus, dan penalaran yang sesuai dengan pengaplikasiannya pada bidang ilmu komputer',null,'siakreborn.capaian.cpmk.CapaianImpl'),
('28cc6aaa-38a0-4185-bccc-585c8acb6397','CPMK-2','Mampu menerapkan konsep-konsep dasar kalkulus, dan penalaran yang sesuai dengan pengaplikasiannya pada bidang ilmu komputer','capaian_impl, capaian_cpmk','siakreborn.capaian.core.CapaianImpl'),
('29cc6aaa-38a0-4185-bccc-585c8acb6397','CPMK-3','Mampu mengimplementasikan sistem berbasis komputer pada dua platform berbeda: Web & Mobile',null,'siakreborn.capaian.cpmk.CapaianImpl'),
('30cc6aaa-38a0-4185-bccc-585c8acb6397','CPMK-3','Mampu mengimplementasikan sistem berbasis komputer pada dua platform berbeda: Web & Mobile','capaian_impl, capaian_cpmk','siakreborn.capaian.core.CapaianImpl'),
('31cc6aaa-38a0-4185-bccc-585c8acb6397','CPMK-4','Mampu membuat perangkat lunak berkualitas tinggi, dapat diandalkan, memiliki keterbacaan yang tinggi, mempunyai dokumentasi yang lengkap',null,'siakreborn.capaian.cpmk.CapaianImpl'),
('32cc6aaa-38a0-4185-bccc-585c8acb6397','CPMK-4','Mampu membuat perangkat lunak berkualitas tinggi, dapat diandalkan, memiliki keterbacaan yang tinggi, mempunyai dokumentasi yang lengkap','capaian_impl, capaian_cpmk','siakreborn.capaian.core.CapaianImpl'),
('33cc6aaa-38a0-4185-bccc-585c8acb6397','CPMK-5','Mampu menerapkan rancangan menjadi perangkat lunak yang berfungsi',null,'siakreborn.capaian.cpmk.CapaianImpl'),
('34cc6aaa-38a0-4185-bccc-585c8acb6397','CPMK-5','Mampu menerapkan rancangan menjadi perangkat lunak yang berfungsi','capaian_impl, capaian_cpmk','siakreborn.capaian.core.CapaianImpl'),
('35cc6aaa-38a0-4185-bccc-585c8acb6397','CPMK-6','Mampu memodelkan spesifikasi sistem dalam tahap requirement gathering dan analisis',null,'siakreborn.capaian.cpmk.CapaianImpl'),
('36cc6aaa-38a0-4185-bccc-585c8acb6397','CPMK-6','Mampu memodelkan spesifikasi sistem dalam tahap requirement gathering dan analisis','capaian_impl, capaian_cpmk','siakreborn.capaian.core.CapaianImpl'),
('37cc6aaa-38a0-4185-bccc-585c8acb6397','CPMK-7','Mampu memilih process model yang sesuai dengan situasi dan kondisi dalam mengembangkan perangkat lunak',null,'siakreborn.capaian.cpmk.CapaianImpl'),
('38cc6aaa-38a0-4185-bccc-585c8acb6397','CPMK-7','Mampu memilih process model yang sesuai dengan situasi dan kondisi dalam mengembangkan perangkat lunak','capaian_impl, capaian_cpmk','siakreborn.capaian.core.CapaianImpl'),
('39cc6aaa-38a0-4185-bccc-585c8acb6397','CPMK-8','Mampu untuk mengadaptasi dan menerapkan teknik, sumber daya, dan perangkat komputasi modern untuk mengimplementasikan perangkat lunak',null,'siakreborn.capaian.cpmk.CapaianImpl'),
('40cc6aaa-38a0-4185-bccc-585c8acb6397','CPMK-8','Mampu untuk mengadaptasi dan menerapkan teknik, sumber daya, dan perangkat komputasi modern untuk mengimplementasikan perangkat lunak','capaian_impl, capaian_cpmk','siakreborn.capaian.core.CapaianImpl'),
('41cc6aaa-38a0-4185-bccc-585c8acb6397','CPMK-9','Mampu mengaplikasikan disiplin ilmu lain yang relevan seperti proses bisnis organisasi, keuangan, kesehatan, dan teknik',null,'siakreborn.capaian.cpmk.CapaianImpl'),
('42cc6aaa-38a0-4185-bccc-585c8acb6397','CPMK-9','Mampu mengaplikasikan disiplin ilmu lain yang relevan seperti proses bisnis organisasi, keuangan, kesehatan, dan teknik','capaian_impl, capaian_cpmk','siakreborn.capaian.core.CapaianImpl'),
('43cc6aaa-38a0-4185-bccc-585c8acb6397','CPMK-10','Mampu menerapkan ilmu dan teknologi informasi dalam proses penyelesaian masalah untuk menjawab kebutuhan Masyarakat',null,'siakreborn.capaian.cpmk.CapaianImpl'),
('44cc6aaa-38a0-4185-bccc-585c8acb6397','CPMK-10','Mampu menerapkan ilmu dan teknologi informasi dalam proses penyelesaian masalah untuk menjawab kebutuhan Masyarakat','capaian_impl, capaian_cpmk','siakreborn.capaian.core.CapaianImpl'),
('45cc6aaa-38a0-4185-bccc-585c8acb6397','CPMK-11','Mampu untuk mengidentifikasi dan mengusulkan kontribusi yang sesuai bagi anggota tim lainnya selama kolaborasi',null,'siakreborn.capaian.cpmk.CapaianImpl'),
('46cc6aaa-38a0-4185-bccc-585c8acb6397','CPMK-11','Mampu untuk mengidentifikasi dan mengusulkan kontribusi yang sesuai bagi anggota tim lainnya selama kolaborasi','capaian_impl, capaian_cpmk','siakreborn.capaian.core.CapaianImpl'),
('47cc6aaa-38a0-4185-bccc-585c8acb6397','CPMK-12','Mampu berkomunikasi secara tertulis dan oral dengan menggunakan standar di bidang pengembangan perangkat lunak',null,'siakreborn.capaian.cpmk.CapaianImpl'),
('48cc6aaa-38a0-4185-bccc-585c8acb6397','CPMK-12','Mampu berkomunikasi secara tertulis dan oral dengan menggunakan standar di bidang pengembangan perangkat lunak','capaian_impl, capaian_cpmk','siakreborn.capaian.core.CapaianImpl'),
('49cc6aaa-38a0-4185-bccc-585c8acb6397','SubCPMK-1','Mampu untuk menilai dan menjalankan pekerjaan sendiri secara tepat selama kolaborasi tim',null,'siakreborn.capaian.subcpmk.CapaianImpl'),
('50cc6aaa-38a0-4185-bccc-585c8acb6397','SubCPMK-1','Mampu untuk menilai dan menjalankan pekerjaan sendiri secara tepat selama kolaborasi tim','capaian_impl, capaian_subcpmk','siakreborn.capaian.core.CapaianImpl'),
('51cc6aaa-38a0-4185-bccc-585c8acb6397','SubCPMK-2','Mampu menerapkan standard best practice dari quality assurance',null,'siakreborn.capaian.subcpmk.CapaianImpl'),
('52cc6aaa-38a0-4185-bccc-585c8acb6397','SubCPMK-2','Mampu menerapkan standard best practice dari quality assurance','capaian_impl, capaian_subcpmk','siakreborn.capaian.core.CapaianImpl'),
('53cc6aaa-38a0-4185-bccc-585c8acb6397','SubCPMK-3','Mampu melakukan refactoring sesuai standard best practice',null,'siakreborn.capaian.subcpmk.CapaianImpl'),
('54cc6aaa-38a0-4185-bccc-585c8acb6397','SubCPMK-3','Mampu melakukan refactoring sesuai standard best practice','capaian_impl, capaian_subcpmk','siakreborn.capaian.core.CapaianImpl')
ON CONFLICT DO NOTHING;

INSERT INTO capaian_impl (id) VALUES
('2bcc6aaa-38a0-4185-bccc-585c8acb6397'),
('4bcc6aaa-38a0-4185-bccc-585c8acb6397'),
('6bcc6aaa-38a0-4185-bccc-585c8acb6397'),
('8bcc6aaa-38a0-4185-bccc-585c8acb6397'),
('10cc6aaa-38a0-4185-bccc-585c8acb6397'),
('12cc6aaa-38a0-4185-bccc-585c8acb6397'),
('14cc6aaa-38a0-4185-bccc-585c8acb6397'),
('16cc6aaa-38a0-4185-bccc-585c8acb6397'),
('18cc6aaa-38a0-4185-bccc-585c8acb6397'),
('20cc6aaa-38a0-4185-bccc-585c8acb6397'),
('22cc6aaa-38a0-4185-bccc-585c8acb6397'),
('24cc6aaa-38a0-4185-bccc-585c8acb6397'),
('26cc6aaa-38a0-4185-bccc-585c8acb6397'),
('28cc6aaa-38a0-4185-bccc-585c8acb6397'),
('30cc6aaa-38a0-4185-bccc-585c8acb6397'),
('32cc6aaa-38a0-4185-bccc-585c8acb6397'),
('34cc6aaa-38a0-4185-bccc-585c8acb6397'),
('36cc6aaa-38a0-4185-bccc-585c8acb6397'),
('38cc6aaa-38a0-4185-bccc-585c8acb6397'),
('40cc6aaa-38a0-4185-bccc-585c8acb6397'),
('42cc6aaa-38a0-4185-bccc-585c8acb6397'),
('44cc6aaa-38a0-4185-bccc-585c8acb6397'),
('46cc6aaa-38a0-4185-bccc-585c8acb6397'),
('48cc6aaa-38a0-4185-bccc-585c8acb6397'),
('50cc6aaa-38a0-4185-bccc-585c8acb6397'),
('52cc6aaa-38a0-4185-bccc-585c8acb6397'),
('54cc6aaa-38a0-4185-bccc-585c8acb6397')
ON CONFLICT DO NOTHING;

INSERT INTO capaian_cpl (id, kurikulum_id, record_id, base_component_id, recordname) VALUES
('1bcc6aaa-38a0-4185-bccc-585c8acb6397','3bcc6aaa-38a0-4185-bccc-585c8acb6397','2bcc6aaa-38a0-4185-bccc-585c8acb6397','2bcc6aaa-38a0-4185-bccc-585c8acb6397','siakreborn.capaian.core.CapaianImpl'),
('3bcc6aaa-38a0-4185-bccc-585c8acb6397','3bcc6aaa-38a0-4185-bccc-585c8acb6397','4bcc6aaa-38a0-4185-bccc-585c8acb6397','4bcc6aaa-38a0-4185-bccc-585c8acb6397','siakreborn.capaian.core.CapaianImpl'),
('5bcc6aaa-38a0-4185-bccc-585c8acb6397','3bcc6aaa-38a0-4185-bccc-585c8acb6397','6bcc6aaa-38a0-4185-bccc-585c8acb6397','6bcc6aaa-38a0-4185-bccc-585c8acb6397','siakreborn.capaian.core.CapaianImpl'),
('7bcc6aaa-38a0-4185-bccc-585c8acb6397','3bcc6aaa-38a0-4185-bccc-585c8acb6397','8bcc6aaa-38a0-4185-bccc-585c8acb6397','8bcc6aaa-38a0-4185-bccc-585c8acb6397','siakreborn.capaian.core.CapaianImpl'),
('9bcc6aaa-38a0-4185-bccc-585c8acb6397','3bcc6aaa-38a0-4185-bccc-585c8acb6397','10cc6aaa-38a0-4185-bccc-585c8acb6397','10cc6aaa-38a0-4185-bccc-585c8acb6397','siakreborn.capaian.core.CapaianImpl'),
('11cc6aaa-38a0-4185-bccc-585c8acb6397','3bcc6aaa-38a0-4185-bccc-585c8acb6397','12cc6aaa-38a0-4185-bccc-585c8acb6397','12cc6aaa-38a0-4185-bccc-585c8acb6397','siakreborn.capaian.core.CapaianImpl'),
('13cc6aaa-38a0-4185-bccc-585c8acb6397','4bcc6aaa-38a0-4185-bccc-585c8acb6397','14cc6aaa-38a0-4185-bccc-585c8acb6397','14cc6aaa-38a0-4185-bccc-585c8acb6397','siakreborn.capaian.core.CapaianImpl'),
('15cc6aaa-38a0-4185-bccc-585c8acb6397','4bcc6aaa-38a0-4185-bccc-585c8acb6397','16cc6aaa-38a0-4185-bccc-585c8acb6397','16cc6aaa-38a0-4185-bccc-585c8acb6397','siakreborn.capaian.core.CapaianImpl'),
('17cc6aaa-38a0-4185-bccc-585c8acb6397','4bcc6aaa-38a0-4185-bccc-585c8acb6397','18cc6aaa-38a0-4185-bccc-585c8acb6397','18cc6aaa-38a0-4185-bccc-585c8acb6397','siakreborn.capaian.core.CapaianImpl'),
('19cc6aaa-38a0-4185-bccc-585c8acb6397','4bcc6aaa-38a0-4185-bccc-585c8acb6397','20cc6aaa-38a0-4185-bccc-585c8acb6397','20cc6aaa-38a0-4185-bccc-585c8acb6397','siakreborn.capaian.core.CapaianImpl'),
('21cc6aaa-38a0-4185-bccc-585c8acb6397','4bcc6aaa-38a0-4185-bccc-585c8acb6397','22cc6aaa-38a0-4185-bccc-585c8acb6397','22cc6aaa-38a0-4185-bccc-585c8acb6397','siakreborn.capaian.core.CapaianImpl'),
('23cc6aaa-38a0-4185-bccc-585c8acb6397','4bcc6aaa-38a0-4185-bccc-585c8acb6397','24cc6aaa-38a0-4185-bccc-585c8acb6397','24cc6aaa-38a0-4185-bccc-585c8acb6397','siakreborn.capaian.core.CapaianImpl')
ON CONFLICT DO NOTHING;

INSERT INTO capaian_cpmk (id, bobot, matakuliah_id, parentcpl_id, record_id, base_component_id, recordname) VALUES
('25cc6aaa-38a0-4185-bccc-585c8acb6397',1,'2bcc6aaa-38a0-4185-bccc-585c8acb6397','7bcc6aaa-38a0-4185-bccc-585c8acb6397','26cc6aaa-38a0-4185-bccc-585c8acb6397','26cc6aaa-38a0-4185-bccc-585c8acb6397','siakreborn.capaian.core.CapaianImpl'),
('27cc6aaa-38a0-4185-bccc-585c8acb6397',2,'4bcc6aaa-38a0-4185-bccc-585c8acb6397','11cc6aaa-38a0-4185-bccc-585c8acb6397','28cc6aaa-38a0-4185-bccc-585c8acb6397','28cc6aaa-38a0-4185-bccc-585c8acb6397','siakreborn.capaian.core.CapaianImpl'),
('29cc6aaa-38a0-4185-bccc-585c8acb6397',2,'7bcc6aaa-38a0-4185-bccc-585c8acb6397','9bcc6aaa-38a0-4185-bccc-585c8acb6397','30cc6aaa-38a0-4185-bccc-585c8acb6397','30cc6aaa-38a0-4185-bccc-585c8acb6397','siakreborn.capaian.core.CapaianImpl'),
('31cc6aaa-38a0-4185-bccc-585c8acb6397',3,'8bcc6aaa-38a0-4185-bccc-585c8acb6397','9bcc6aaa-38a0-4185-bccc-585c8acb6397','32cc6aaa-38a0-4185-bccc-585c8acb6397','32cc6aaa-38a0-4185-bccc-585c8acb6397','siakreborn.capaian.core.CapaianImpl'),
('33cc6aaa-38a0-4185-bccc-585c8acb6397',1,'7bcc6aaa-38a0-4185-bccc-585c8acb6397','9bcc6aaa-38a0-4185-bccc-585c8acb6397','34cc6aaa-38a0-4185-bccc-585c8acb6397','34cc6aaa-38a0-4185-bccc-585c8acb6397','siakreborn.capaian.core.CapaianImpl'),
('35cc6aaa-38a0-4185-bccc-585c8acb6397',1,'8bcc6aaa-38a0-4185-bccc-585c8acb6397','7bcc6aaa-38a0-4185-bccc-585c8acb6397','36cc6aaa-38a0-4185-bccc-585c8acb6397','36cc6aaa-38a0-4185-bccc-585c8acb6397','siakreborn.capaian.core.CapaianImpl'),
('37cc6aaa-38a0-4185-bccc-585c8acb6397',2,'8bcc6aaa-38a0-4185-bccc-585c8acb6397','7bcc6aaa-38a0-4185-bccc-585c8acb6397','38cc6aaa-38a0-4185-bccc-585c8acb6397','38cc6aaa-38a0-4185-bccc-585c8acb6397','siakreborn.capaian.core.CapaianImpl'),
('39cc6aaa-38a0-4185-bccc-585c8acb6397',3,'6bcc6aaa-38a0-4185-bccc-585c8acb6397','9bcc6aaa-38a0-4185-bccc-585c8acb6397','40cc6aaa-38a0-4185-bccc-585c8acb6397','40cc6aaa-38a0-4185-bccc-585c8acb6397','siakreborn.capaian.core.CapaianImpl'),
('41cc6aaa-38a0-4185-bccc-585c8acb6397',1,'6bcc6aaa-38a0-4185-bccc-585c8acb6397','5bcc6aaa-38a0-4185-bccc-585c8acb6397','42cc6aaa-38a0-4185-bccc-585c8acb6397','42cc6aaa-38a0-4185-bccc-585c8acb6397','siakreborn.capaian.core.CapaianImpl'),
('43cc6aaa-38a0-4185-bccc-585c8acb6397',2,'6bcc6aaa-38a0-4185-bccc-585c8acb6397','5bcc6aaa-38a0-4185-bccc-585c8acb6397','44cc6aaa-38a0-4185-bccc-585c8acb6397','44cc6aaa-38a0-4185-bccc-585c8acb6397','siakreborn.capaian.core.CapaianImpl'),
('45cc6aaa-38a0-4185-bccc-585c8acb6397',2,'5bcc6aaa-38a0-4185-bccc-585c8acb6397','3bcc6aaa-38a0-4185-bccc-585c8acb6397','46cc6aaa-38a0-4185-bccc-585c8acb6397','46cc6aaa-38a0-4185-bccc-585c8acb6397','siakreborn.capaian.core.CapaianImpl'),
('47cc6aaa-38a0-4185-bccc-585c8acb6397',2,'7bcc6aaa-38a0-4185-bccc-585c8acb6397','1bcc6aaa-38a0-4185-bccc-585c8acb6397','48cc6aaa-38a0-4185-bccc-585c8acb6397','48cc6aaa-38a0-4185-bccc-585c8acb6397','siakreborn.capaian.core.CapaianImpl')
ON CONFLICT DO NOTHING;

INSERT INTO capaian_subcpmk (id, bobot, parentcpmk_id, record_id, base_component_id, recordname) VALUES
('49cc6aaa-38a0-4185-bccc-585c8acb6397',2,'47cc6aaa-38a0-4185-bccc-585c8acb6397','50cc6aaa-38a0-4185-bccc-585c8acb6397','50cc6aaa-38a0-4185-bccc-585c8acb6397','siakreborn.capaian.core.CapaianImpl'),
('51cc6aaa-38a0-4185-bccc-585c8acb6397',1,'39cc6aaa-38a0-4185-bccc-585c8acb6397','52cc6aaa-38a0-4185-bccc-585c8acb6397','52cc6aaa-38a0-4185-bccc-585c8acb6397','siakreborn.capaian.core.CapaianImpl'),
('53cc6aaa-38a0-4185-bccc-585c8acb6397',1,'39cc6aaa-38a0-4185-bccc-585c8acb6397','54cc6aaa-38a0-4185-bccc-585c8acb6397','54cc6aaa-38a0-4185-bccc-585c8acb6397','siakreborn.capaian.core.CapaianImpl')
ON CONFLICT DO NOTHING;

INSERT INTO bobot_komponen_penilaian_comp (id, bobot, cpmk_id, subcpmk_id, komponenpenilaian_id, modulesequence, objectname) VALUES
('1bcc6aaa-38a0-4185-bccc-585c8acb6397',1,'25cc6aaa-38a0-4185-bccc-585c8acb6397',null,'16cc6aaa-38a0-4185-bccc-585c8acb6397','bobot_komponen_penilaian_impl','siakreborn.bobotkomponenpenilaian.core.BobotKomponenPenilaianImpl'),
('2bcc6aaa-38a0-4185-bccc-585c8acb6397',2,'25cc6aaa-38a0-4185-bccc-585c8acb6397',null,'17cc6aaa-38a0-4185-bccc-585c8acb6397','bobot_komponen_penilaian_impl','siakreborn.bobotkomponenpenilaian.core.BobotKomponenPenilaianImpl'),
('3bcc6aaa-38a0-4185-bccc-585c8acb6397',1,'25cc6aaa-38a0-4185-bccc-585c8acb6397',null,'18cc6aaa-38a0-4185-bccc-585c8acb6397','bobot_komponen_penilaian_impl','siakreborn.bobotkomponenpenilaian.core.BobotKomponenPenilaianImpl'),
('4bcc6aaa-38a0-4185-bccc-585c8acb6397',2,'25cc6aaa-38a0-4185-bccc-585c8acb6397',null,'19cc6aaa-38a0-4185-bccc-585c8acb6397','bobot_komponen_penilaian_impl','siakreborn.bobotkomponenpenilaian.core.BobotKomponenPenilaianImpl'),
('5bcc6aaa-38a0-4185-bccc-585c8acb6397',3,'25cc6aaa-38a0-4185-bccc-585c8acb6397',null,'20cc6aaa-38a0-4185-bccc-585c8acb6397','bobot_komponen_penilaian_impl','siakreborn.bobotkomponenpenilaian.core.BobotKomponenPenilaianImpl'),
('6bcc6aaa-38a0-4185-bccc-585c8acb6397',1,'25cc6aaa-38a0-4185-bccc-585c8acb6397',null,'21cc6aaa-38a0-4185-bccc-585c8acb6397','bobot_komponen_penilaian_impl','siakreborn.bobotkomponenpenilaian.core.BobotKomponenPenilaianImpl'),
('7bcc6aaa-38a0-4185-bccc-585c8acb6397',2,'25cc6aaa-38a0-4185-bccc-585c8acb6397',null,'22cc6aaa-38a0-4185-bccc-585c8acb6397','bobot_komponen_penilaian_impl','siakreborn.bobotkomponenpenilaian.core.BobotKomponenPenilaianImpl'),
('8bcc6aaa-38a0-4185-bccc-585c8acb6397',1,'25cc6aaa-38a0-4185-bccc-585c8acb6397',null,'23cc6aaa-38a0-4185-bccc-585c8acb6397','bobot_komponen_penilaian_impl','siakreborn.bobotkomponenpenilaian.core.BobotKomponenPenilaianImpl'),
('9bcc6aaa-38a0-4185-bccc-585c8acb6397',2,'25cc6aaa-38a0-4185-bccc-585c8acb6397',null,'24cc6aaa-38a0-4185-bccc-585c8acb6397','bobot_komponen_penilaian_impl','siakreborn.bobotkomponenpenilaian.core.BobotKomponenPenilaianImpl'),
('10cc6aaa-38a0-4185-bccc-585c8acb6397',3,'25cc6aaa-38a0-4185-bccc-585c8acb6397',null,'25cc6aaa-38a0-4185-bccc-585c8acb6397','bobot_komponen_penilaian_impl','siakreborn.bobotkomponenpenilaian.core.BobotKomponenPenilaianImpl'),
('11cc6aaa-38a0-4185-bccc-585c8acb6397',1,'25cc6aaa-38a0-4185-bccc-585c8acb6397',null,'26cc6aaa-38a0-4185-bccc-585c8acb6397','bobot_komponen_penilaian_impl','siakreborn.bobotkomponenpenilaian.core.BobotKomponenPenilaianImpl'),
('12cc6aaa-38a0-4185-bccc-585c8acb6397',2,'25cc6aaa-38a0-4185-bccc-585c8acb6397',null,'27cc6aaa-38a0-4185-bccc-585c8acb6397','bobot_komponen_penilaian_impl','siakreborn.bobotkomponenpenilaian.core.BobotKomponenPenilaianImpl'),
('13cc6aaa-38a0-4185-bccc-585c8acb6397',1,'25cc6aaa-38a0-4185-bccc-585c8acb6397',null,'28cc6aaa-38a0-4185-bccc-585c8acb6397','bobot_komponen_penilaian_impl','siakreborn.bobotkomponenpenilaian.core.BobotKomponenPenilaianImpl'),
('14cc6aaa-38a0-4185-bccc-585c8acb6397',2,'25cc6aaa-38a0-4185-bccc-585c8acb6397',null,'29cc6aaa-38a0-4185-bccc-585c8acb6397','bobot_komponen_penilaian_impl','siakreborn.bobotkomponenpenilaian.core.BobotKomponenPenilaianImpl'),
('15cc6aaa-38a0-4185-bccc-585c8acb6397',3,'25cc6aaa-38a0-4185-bccc-585c8acb6397',null,'30cc6aaa-38a0-4185-bccc-585c8acb6397','bobot_komponen_penilaian_impl','siakreborn.bobotkomponenpenilaian.core.BobotKomponenPenilaianImpl'),
('16cc6aaa-38a0-4185-bccc-585c8acb6397',2,'27cc6aaa-38a0-4185-bccc-585c8acb6397',null,'41cc6aaa-38a0-4185-bccc-585c8acb6397','bobot_komponen_penilaian_impl','siakreborn.bobotkomponenpenilaian.core.BobotKomponenPenilaianImpl'),
('17cc6aaa-38a0-4185-bccc-585c8acb6397',1,'27cc6aaa-38a0-4185-bccc-585c8acb6397',null,'42cc6aaa-38a0-4185-bccc-585c8acb6397','bobot_komponen_penilaian_impl','siakreborn.bobotkomponenpenilaian.core.BobotKomponenPenilaianImpl'),
('18cc6aaa-38a0-4185-bccc-585c8acb6397',2,'27cc6aaa-38a0-4185-bccc-585c8acb6397',null,'43cc6aaa-38a0-4185-bccc-585c8acb6397','bobot_komponen_penilaian_impl','siakreborn.bobotkomponenpenilaian.core.BobotKomponenPenilaianImpl'),
('19cc6aaa-38a0-4185-bccc-585c8acb6397',3,'27cc6aaa-38a0-4185-bccc-585c8acb6397',null,'44cc6aaa-38a0-4185-bccc-585c8acb6397','bobot_komponen_penilaian_impl','siakreborn.bobotkomponenpenilaian.core.BobotKomponenPenilaianImpl'),
('20cc6aaa-38a0-4185-bccc-585c8acb6397',2,'27cc6aaa-38a0-4185-bccc-585c8acb6397',null,'45cc6aaa-38a0-4185-bccc-585c8acb6397','bobot_komponen_penilaian_impl','siakreborn.bobotkomponenpenilaian.core.BobotKomponenPenilaianImpl'),
('21cc6aaa-38a0-4185-bccc-585c8acb6397',2,'27cc6aaa-38a0-4185-bccc-585c8acb6397',null,'46cc6aaa-38a0-4185-bccc-585c8acb6397','bobot_komponen_penilaian_impl','siakreborn.bobotkomponenpenilaian.core.BobotKomponenPenilaianImpl'),
('22cc6aaa-38a0-4185-bccc-585c8acb6397',1,'27cc6aaa-38a0-4185-bccc-585c8acb6397',null,'47cc6aaa-38a0-4185-bccc-585c8acb6397','bobot_komponen_penilaian_impl','siakreborn.bobotkomponenpenilaian.core.BobotKomponenPenilaianImpl'),
('23cc6aaa-38a0-4185-bccc-585c8acb6397',2,'27cc6aaa-38a0-4185-bccc-585c8acb6397',null,'48cc6aaa-38a0-4185-bccc-585c8acb6397','bobot_komponen_penilaian_impl','siakreborn.bobotkomponenpenilaian.core.BobotKomponenPenilaianImpl'),
('24cc6aaa-38a0-4185-bccc-585c8acb6397',3,'27cc6aaa-38a0-4185-bccc-585c8acb6397',null,'49cc6aaa-38a0-4185-bccc-585c8acb6397','bobot_komponen_penilaian_impl','siakreborn.bobotkomponenpenilaian.core.BobotKomponenPenilaianImpl'),
('25cc6aaa-38a0-4185-bccc-585c8acb6397',2,'27cc6aaa-38a0-4185-bccc-585c8acb6397',null,'50cc6aaa-38a0-4185-bccc-585c8acb6397','bobot_komponen_penilaian_impl','siakreborn.bobotkomponenpenilaian.core.BobotKomponenPenilaianImpl'),
('26cc6aaa-38a0-4185-bccc-585c8acb6397',2,'35cc6aaa-38a0-4185-bccc-585c8acb6397',null,'51cc6aaa-38a0-4185-bccc-585c8acb6397','bobot_komponen_penilaian_impl','siakreborn.bobotkomponenpenilaian.core.BobotKomponenPenilaianImpl'),
('27cc6aaa-38a0-4185-bccc-585c8acb6397',2,'45cc6aaa-38a0-4185-bccc-585c8acb6397',null,'51cc6aaa-38a0-4185-bccc-585c8acb6397','bobot_komponen_penilaian_impl','siakreborn.bobotkomponenpenilaian.core.BobotKomponenPenilaianImpl'),
('28cc6aaa-38a0-4185-bccc-585c8acb6397',1,'35cc6aaa-38a0-4185-bccc-585c8acb6397',null,'52cc6aaa-38a0-4185-bccc-585c8acb6397','bobot_komponen_penilaian_impl','siakreborn.bobotkomponenpenilaian.core.BobotKomponenPenilaianImpl'),
('29cc6aaa-38a0-4185-bccc-585c8acb6397',3,'45cc6aaa-38a0-4185-bccc-585c8acb6397',null,'52cc6aaa-38a0-4185-bccc-585c8acb6397','bobot_komponen_penilaian_impl','siakreborn.bobotkomponenpenilaian.core.BobotKomponenPenilaianImpl'),
('30cc6aaa-38a0-4185-bccc-585c8acb6397',2,'37cc6aaa-38a0-4185-bccc-585c8acb6397',null,'53cc6aaa-38a0-4185-bccc-585c8acb6397','bobot_komponen_penilaian_impl','siakreborn.bobotkomponenpenilaian.core.BobotKomponenPenilaianImpl'),
('31cc6aaa-38a0-4185-bccc-585c8acb6397',2,'45cc6aaa-38a0-4185-bccc-585c8acb6397',null,'53cc6aaa-38a0-4185-bccc-585c8acb6397','bobot_komponen_penilaian_impl','siakreborn.bobotkomponenpenilaian.core.BobotKomponenPenilaianImpl'),
('32cc6aaa-38a0-4185-bccc-585c8acb6397',3,'37cc6aaa-38a0-4185-bccc-585c8acb6397',null,'54cc6aaa-38a0-4185-bccc-585c8acb6397','bobot_komponen_penilaian_impl','siakreborn.bobotkomponenpenilaian.core.BobotKomponenPenilaianImpl'),
('33cc6aaa-38a0-4185-bccc-585c8acb6397',1,'45cc6aaa-38a0-4185-bccc-585c8acb6397',null,'54cc6aaa-38a0-4185-bccc-585c8acb6397','bobot_komponen_penilaian_impl','siakreborn.bobotkomponenpenilaian.core.BobotKomponenPenilaianImpl'),
('34cc6aaa-38a0-4185-bccc-585c8acb6397',2,'37cc6aaa-38a0-4185-bccc-585c8acb6397',null,'55cc6aaa-38a0-4185-bccc-585c8acb6397','bobot_komponen_penilaian_impl','siakreborn.bobotkomponenpenilaian.core.BobotKomponenPenilaianImpl'),
('35cc6aaa-38a0-4185-bccc-585c8acb6397',2,'35cc6aaa-38a0-4185-bccc-585c8acb6397',null,'56cc6aaa-38a0-4185-bccc-585c8acb6397','bobot_komponen_penilaian_impl','siakreborn.bobotkomponenpenilaian.core.BobotKomponenPenilaianImpl'),
('36cc6aaa-38a0-4185-bccc-585c8acb6397',2,'45cc6aaa-38a0-4185-bccc-585c8acb6397',null,'56cc6aaa-38a0-4185-bccc-585c8acb6397','bobot_komponen_penilaian_impl','siakreborn.bobotkomponenpenilaian.core.BobotKomponenPenilaianImpl'),
('37cc6aaa-38a0-4185-bccc-585c8acb6397',1,'35cc6aaa-38a0-4185-bccc-585c8acb6397',null,'57cc6aaa-38a0-4185-bccc-585c8acb6397','bobot_komponen_penilaian_impl','siakreborn.bobotkomponenpenilaian.core.BobotKomponenPenilaianImpl'),
('38cc6aaa-38a0-4185-bccc-585c8acb6397',3,'45cc6aaa-38a0-4185-bccc-585c8acb6397',null,'57cc6aaa-38a0-4185-bccc-585c8acb6397','bobot_komponen_penilaian_impl','siakreborn.bobotkomponenpenilaian.core.BobotKomponenPenilaianImpl'),
('39cc6aaa-38a0-4185-bccc-585c8acb6397',2,'37cc6aaa-38a0-4185-bccc-585c8acb6397',null,'58cc6aaa-38a0-4185-bccc-585c8acb6397','bobot_komponen_penilaian_impl','siakreborn.bobotkomponenpenilaian.core.BobotKomponenPenilaianImpl'),
('40cc6aaa-38a0-4185-bccc-585c8acb6397',2,'45cc6aaa-38a0-4185-bccc-585c8acb6397',null,'58cc6aaa-38a0-4185-bccc-585c8acb6397','bobot_komponen_penilaian_impl','siakreborn.bobotkomponenpenilaian.core.BobotKomponenPenilaianImpl'),
('41cc6aaa-38a0-4185-bccc-585c8acb6397',3,'37cc6aaa-38a0-4185-bccc-585c8acb6397',null,'59cc6aaa-38a0-4185-bccc-585c8acb6397','bobot_komponen_penilaian_impl','siakreborn.bobotkomponenpenilaian.core.BobotKomponenPenilaianImpl'),
('42cc6aaa-38a0-4185-bccc-585c8acb6397',1,'45cc6aaa-38a0-4185-bccc-585c8acb6397',null,'59cc6aaa-38a0-4185-bccc-585c8acb6397','bobot_komponen_penilaian_impl','siakreborn.bobotkomponenpenilaian.core.BobotKomponenPenilaianImpl'),
('43cc6aaa-38a0-4185-bccc-585c8acb6397',2,'37cc6aaa-38a0-4185-bccc-585c8acb6397',null,'60cc6aaa-38a0-4185-bccc-585c8acb6397','bobot_komponen_penilaian_impl','siakreborn.bobotkomponenpenilaian.core.BobotKomponenPenilaianImpl'),
('44cc6aaa-38a0-4185-bccc-585c8acb6397',3,'39cc6aaa-38a0-4185-bccc-585c8acb6397',null,'61cc6aaa-38a0-4185-bccc-585c8acb6397','bobot_komponen_penilaian_impl','siakreborn.bobotkomponenpenilaian.core.BobotKomponenPenilaianImpl'),
('45cc6aaa-38a0-4185-bccc-585c8acb6397',1,'39cc6aaa-38a0-4185-bccc-585c8acb6397',null,'62cc6aaa-38a0-4185-bccc-585c8acb6397','bobot_komponen_penilaian_impl','siakreborn.bobotkomponenpenilaian.core.BobotKomponenPenilaianImpl'),
('46cc6aaa-38a0-4185-bccc-585c8acb6397',2,'41cc6aaa-38a0-4185-bccc-585c8acb6397',null,'63cc6aaa-38a0-4185-bccc-585c8acb6397','bobot_komponen_penilaian_impl','siakreborn.bobotkomponenpenilaian.core.BobotKomponenPenilaianImpl'),
('47cc6aaa-38a0-4185-bccc-585c8acb6397',3,'43cc6aaa-38a0-4185-bccc-585c8acb6397',null,'64cc6aaa-38a0-4185-bccc-585c8acb6397','bobot_komponen_penilaian_impl','siakreborn.bobotkomponenpenilaian.core.BobotKomponenPenilaianImpl'),
('48cc6aaa-38a0-4185-bccc-585c8acb6397',3,null,'51cc6aaa-38a0-4185-bccc-585c8acb6397','65cc6aaa-38a0-4185-bccc-585c8acb6397','bobot_komponen_penilaian_impl','siakreborn.bobotkomponenpenilaian.core.BobotKomponenPenilaianImpl'),
('49cc6aaa-38a0-4185-bccc-585c8acb6397',2,null,'53cc6aaa-38a0-4185-bccc-585c8acb6397','65cc6aaa-38a0-4185-bccc-585c8acb6397','bobot_komponen_penilaian_impl','siakreborn.bobotkomponenpenilaian.core.BobotKomponenPenilaianImpl'),
('50cc6aaa-38a0-4185-bccc-585c8acb6397',3,'39cc6aaa-38a0-4185-bccc-585c8acb6397',null,'66cc6aaa-38a0-4185-bccc-585c8acb6397','bobot_komponen_penilaian_impl','siakreborn.bobotkomponenpenilaian.core.BobotKomponenPenilaianImpl'),
('51cc6aaa-38a0-4185-bccc-585c8acb6397',1,'39cc6aaa-38a0-4185-bccc-585c8acb6397',null,'67cc6aaa-38a0-4185-bccc-585c8acb6397','bobot_komponen_penilaian_impl','siakreborn.bobotkomponenpenilaian.core.BobotKomponenPenilaianImpl'),
('52cc6aaa-38a0-4185-bccc-585c8acb6397',2,'41cc6aaa-38a0-4185-bccc-585c8acb6397',null,'68cc6aaa-38a0-4185-bccc-585c8acb6397','bobot_komponen_penilaian_impl','siakreborn.bobotkomponenpenilaian.core.BobotKomponenPenilaianImpl'),
('53cc6aaa-38a0-4185-bccc-585c8acb6397',3,'43cc6aaa-38a0-4185-bccc-585c8acb6397',null,'69cc6aaa-38a0-4185-bccc-585c8acb6397','bobot_komponen_penilaian_impl','siakreborn.bobotkomponenpenilaian.core.BobotKomponenPenilaianImpl'),
('54cc6aaa-38a0-4185-bccc-585c8acb6397',3,null,'51cc6aaa-38a0-4185-bccc-585c8acb6397','70cc6aaa-38a0-4185-bccc-585c8acb6397','bobot_komponen_penilaian_impl','siakreborn.bobotkomponenpenilaian.core.BobotKomponenPenilaianImpl'),
('55cc6aaa-38a0-4185-bccc-585c8acb6397',2,null,'53cc6aaa-38a0-4185-bccc-585c8acb6397','70cc6aaa-38a0-4185-bccc-585c8acb6397','bobot_komponen_penilaian_impl','siakreborn.bobotkomponenpenilaian.core.BobotKomponenPenilaianImpl'),
('56cc6aaa-38a0-4185-bccc-585c8acb6397',3,'29cc6aaa-38a0-4185-bccc-585c8acb6397',null,'71cc6aaa-38a0-4185-bccc-585c8acb6397','bobot_komponen_penilaian_impl','siakreborn.bobotkomponenpenilaian.core.BobotKomponenPenilaianImpl'),
('57cc6aaa-38a0-4185-bccc-585c8acb6397',2,'29cc6aaa-38a0-4185-bccc-585c8acb6397',null,'72cc6aaa-38a0-4185-bccc-585c8acb6397','bobot_komponen_penilaian_impl','siakreborn.bobotkomponenpenilaian.core.BobotKomponenPenilaianImpl'),
('58cc6aaa-38a0-4185-bccc-585c8acb6397',1,'47cc6aaa-38a0-4185-bccc-585c8acb6397',null,'72cc6aaa-38a0-4185-bccc-585c8acb6397','bobot_komponen_penilaian_impl','siakreborn.bobotkomponenpenilaian.core.BobotKomponenPenilaianImpl'),
('59cc6aaa-38a0-4185-bccc-585c8acb6397',3,null,'49cc6aaa-38a0-4185-bccc-585c8acb6397','72cc6aaa-38a0-4185-bccc-585c8acb6397','bobot_komponen_penilaian_impl','siakreborn.bobotkomponenpenilaian.core.BobotKomponenPenilaianImpl'),
('60cc6aaa-38a0-4185-bccc-585c8acb6397',2,'29cc6aaa-38a0-4185-bccc-585c8acb6397',null,'73cc6aaa-38a0-4185-bccc-585c8acb6397','bobot_komponen_penilaian_impl','siakreborn.bobotkomponenpenilaian.core.BobotKomponenPenilaianImpl'),
('61cc6aaa-38a0-4185-bccc-585c8acb6397',2,'29cc6aaa-38a0-4185-bccc-585c8acb6397',null,'74cc6aaa-38a0-4185-bccc-585c8acb6397','bobot_komponen_penilaian_impl','siakreborn.bobotkomponenpenilaian.core.BobotKomponenPenilaianImpl'),
('62cc6aaa-38a0-4185-bccc-585c8acb6397',1,'29cc6aaa-38a0-4185-bccc-585c8acb6397',null,'75cc6aaa-38a0-4185-bccc-585c8acb6397','bobot_komponen_penilaian_impl','siakreborn.bobotkomponenpenilaian.core.BobotKomponenPenilaianImpl'),
('63cc6aaa-38a0-4185-bccc-585c8acb6397',3,'29cc6aaa-38a0-4185-bccc-585c8acb6397',null,'76cc6aaa-38a0-4185-bccc-585c8acb6397','bobot_komponen_penilaian_impl','siakreborn.bobotkomponenpenilaian.core.BobotKomponenPenilaianImpl'),
('64cc6aaa-38a0-4185-bccc-585c8acb6397',2,'29cc6aaa-38a0-4185-bccc-585c8acb6397',null,'77cc6aaa-38a0-4185-bccc-585c8acb6397','bobot_komponen_penilaian_impl','siakreborn.bobotkomponenpenilaian.core.BobotKomponenPenilaianImpl'),
('65cc6aaa-38a0-4185-bccc-585c8acb6397',1,'47cc6aaa-38a0-4185-bccc-585c8acb6397',null,'77cc6aaa-38a0-4185-bccc-585c8acb6397','bobot_komponen_penilaian_impl','siakreborn.bobotkomponenpenilaian.core.BobotKomponenPenilaianImpl'),
('66cc6aaa-38a0-4185-bccc-585c8acb6397',3,null,'49cc6aaa-38a0-4185-bccc-585c8acb6397','77cc6aaa-38a0-4185-bccc-585c8acb6397','bobot_komponen_penilaian_impl','siakreborn.bobotkomponenpenilaian.core.BobotKomponenPenilaianImpl'),
('67cc6aaa-38a0-4185-bccc-585c8acb6397',2,'29cc6aaa-38a0-4185-bccc-585c8acb6397',null,'78cc6aaa-38a0-4185-bccc-585c8acb6397','bobot_komponen_penilaian_impl','siakreborn.bobotkomponenpenilaian.core.BobotKomponenPenilaianImpl'),
('68cc6aaa-38a0-4185-bccc-585c8acb6397',2,'29cc6aaa-38a0-4185-bccc-585c8acb6397',null,'79cc6aaa-38a0-4185-bccc-585c8acb6397','bobot_komponen_penilaian_impl','siakreborn.bobotkomponenpenilaian.core.BobotKomponenPenilaianImpl'),
('69cc6aaa-38a0-4185-bccc-585c8acb6397',1,'29cc6aaa-38a0-4185-bccc-585c8acb6397',null,'80cc6aaa-38a0-4185-bccc-585c8acb6397','bobot_komponen_penilaian_impl','siakreborn.bobotkomponenpenilaian.core.BobotKomponenPenilaianImpl'),
('70cc6aaa-38a0-4185-bccc-585c8acb6397',3,'29cc6aaa-38a0-4185-bccc-585c8acb6397',null,'81cc6aaa-38a0-4185-bccc-585c8acb6397','bobot_komponen_penilaian_impl','siakreborn.bobotkomponenpenilaian.core.BobotKomponenPenilaianImpl'),
('71cc6aaa-38a0-4185-bccc-585c8acb6397',2,'29cc6aaa-38a0-4185-bccc-585c8acb6397',null,'82cc6aaa-38a0-4185-bccc-585c8acb6397','bobot_komponen_penilaian_impl','siakreborn.bobotkomponenpenilaian.core.BobotKomponenPenilaianImpl'),
('72cc6aaa-38a0-4185-bccc-585c8acb6397',1,'47cc6aaa-38a0-4185-bccc-585c8acb6397',null,'82cc6aaa-38a0-4185-bccc-585c8acb6397','bobot_komponen_penilaian_impl','siakreborn.bobotkomponenpenilaian.core.BobotKomponenPenilaianImpl'),
('73cc6aaa-38a0-4185-bccc-585c8acb6397',3,null,'49cc6aaa-38a0-4185-bccc-585c8acb6397','82cc6aaa-38a0-4185-bccc-585c8acb6397','bobot_komponen_penilaian_impl','siakreborn.bobotkomponenpenilaian.core.BobotKomponenPenilaianImpl'),
('74cc6aaa-38a0-4185-bccc-585c8acb6397',2,'29cc6aaa-38a0-4185-bccc-585c8acb6397',null,'83cc6aaa-38a0-4185-bccc-585c8acb6397','bobot_komponen_penilaian_impl','siakreborn.bobotkomponenpenilaian.core.BobotKomponenPenilaianImpl'),
('75cc6aaa-38a0-4185-bccc-585c8acb6397',2,'29cc6aaa-38a0-4185-bccc-585c8acb6397',null,'84cc6aaa-38a0-4185-bccc-585c8acb6397','bobot_komponen_penilaian_impl','siakreborn.bobotkomponenpenilaian.core.BobotKomponenPenilaianImpl'),
('76cc6aaa-38a0-4185-bccc-585c8acb6397',1,'29cc6aaa-38a0-4185-bccc-585c8acb6397',null,'85cc6aaa-38a0-4185-bccc-585c8acb6397','bobot_komponen_penilaian_impl','siakreborn.bobotkomponenpenilaian.core.BobotKomponenPenilaianImpl'),
('77cc6aaa-38a0-4185-bccc-585c8acb6397',3,'31cc6aaa-38a0-4185-bccc-585c8acb6397',null,'86cc6aaa-38a0-4185-bccc-585c8acb6397','bobot_komponen_penilaian_impl','siakreborn.bobotkomponenpenilaian.core.BobotKomponenPenilaianImpl'),
('78cc6aaa-38a0-4185-bccc-585c8acb6397',2,'31cc6aaa-38a0-4185-bccc-585c8acb6397',null,'87cc6aaa-38a0-4185-bccc-585c8acb6397','bobot_komponen_penilaian_impl','siakreborn.bobotkomponenpenilaian.core.BobotKomponenPenilaianImpl'),
('79cc6aaa-38a0-4185-bccc-585c8acb6397',2,'31cc6aaa-38a0-4185-bccc-585c8acb6397',null,'88cc6aaa-38a0-4185-bccc-585c8acb6397','bobot_komponen_penilaian_impl','siakreborn.bobotkomponenpenilaian.core.BobotKomponenPenilaianImpl'),
('80cc6aaa-38a0-4185-bccc-585c8acb6397',3,'31cc6aaa-38a0-4185-bccc-585c8acb6397',null,'91cc6aaa-38a0-4185-bccc-585c8acb6397','bobot_komponen_penilaian_impl','siakreborn.bobotkomponenpenilaian.core.BobotKomponenPenilaianImpl'),
('81cc6aaa-38a0-4185-bccc-585c8acb6397',2,'31cc6aaa-38a0-4185-bccc-585c8acb6397',null,'92cc6aaa-38a0-4185-bccc-585c8acb6397','bobot_komponen_penilaian_impl','siakreborn.bobotkomponenpenilaian.core.BobotKomponenPenilaianImpl'),
('82cc6aaa-38a0-4185-bccc-585c8acb6397',2,'31cc6aaa-38a0-4185-bccc-585c8acb6397',null,'93cc6aaa-38a0-4185-bccc-585c8acb6397','bobot_komponen_penilaian_impl','siakreborn.bobotkomponenpenilaian.core.BobotKomponenPenilaianImpl'),
('83cc6aaa-38a0-4185-bccc-585c8acb6397',2,'27cc6aaa-38a0-4185-bccc-585c8acb6397',null,'101c6aaa-38a0-4185-bccc-585c8acb6397','bobot_komponen_penilaian_impl','siakreborn.bobotkomponenpenilaian.core.BobotKomponenPenilaianImpl'),
('84cc6aaa-38a0-4185-bccc-585c8acb6397',1,'27cc6aaa-38a0-4185-bccc-585c8acb6397',null,'102c6aaa-38a0-4185-bccc-585c8acb6397','bobot_komponen_penilaian_impl','siakreborn.bobotkomponenpenilaian.core.BobotKomponenPenilaianImpl'),
('85cc6aaa-38a0-4185-bccc-585c8acb6397',2,'27cc6aaa-38a0-4185-bccc-585c8acb6397',null,'103c6aaa-38a0-4185-bccc-585c8acb6397','bobot_komponen_penilaian_impl','siakreborn.bobotkomponenpenilaian.core.BobotKomponenPenilaianImpl'),
('86cc6aaa-38a0-4185-bccc-585c8acb6397',3,'27cc6aaa-38a0-4185-bccc-585c8acb6397',null,'104c6aaa-38a0-4185-bccc-585c8acb6397','bobot_komponen_penilaian_impl','siakreborn.bobotkomponenpenilaian.core.BobotKomponenPenilaianImpl'),
('87cc6aaa-38a0-4185-bccc-585c8acb6397',1,'27cc6aaa-38a0-4185-bccc-585c8acb6397',null,'105c6aaa-38a0-4185-bccc-585c8acb6397','bobot_komponen_penilaian_impl','siakreborn.bobotkomponenpenilaian.core.BobotKomponenPenilaianImpl')
ON CONFLICT DO NOTHING;

INSERT INTO bobot_komponen_penilaian_impl (id) VALUES
('1bcc6aaa-38a0-4185-bccc-585c8acb6397'),
('2bcc6aaa-38a0-4185-bccc-585c8acb6397'),
('3bcc6aaa-38a0-4185-bccc-585c8acb6397'),
('4bcc6aaa-38a0-4185-bccc-585c8acb6397'),
('5bcc6aaa-38a0-4185-bccc-585c8acb6397'),
('6bcc6aaa-38a0-4185-bccc-585c8acb6397'),
('7bcc6aaa-38a0-4185-bccc-585c8acb6397'),
('8bcc6aaa-38a0-4185-bccc-585c8acb6397'),
('9bcc6aaa-38a0-4185-bccc-585c8acb6397'),
('10cc6aaa-38a0-4185-bccc-585c8acb6397'),
('11cc6aaa-38a0-4185-bccc-585c8acb6397'),
('12cc6aaa-38a0-4185-bccc-585c8acb6397'),
('13cc6aaa-38a0-4185-bccc-585c8acb6397'),
('14cc6aaa-38a0-4185-bccc-585c8acb6397'),
('15cc6aaa-38a0-4185-bccc-585c8acb6397'),
('16cc6aaa-38a0-4185-bccc-585c8acb6397'),
('17cc6aaa-38a0-4185-bccc-585c8acb6397'),
('18cc6aaa-38a0-4185-bccc-585c8acb6397'),
('19cc6aaa-38a0-4185-bccc-585c8acb6397'),
('20cc6aaa-38a0-4185-bccc-585c8acb6397'),
('21cc6aaa-38a0-4185-bccc-585c8acb6397'),
('22cc6aaa-38a0-4185-bccc-585c8acb6397'),
('23cc6aaa-38a0-4185-bccc-585c8acb6397'),
('24cc6aaa-38a0-4185-bccc-585c8acb6397'),
('25cc6aaa-38a0-4185-bccc-585c8acb6397'),
('26cc6aaa-38a0-4185-bccc-585c8acb6397'),
('27cc6aaa-38a0-4185-bccc-585c8acb6397'),
('28cc6aaa-38a0-4185-bccc-585c8acb6397'),
('29cc6aaa-38a0-4185-bccc-585c8acb6397'),
('30cc6aaa-38a0-4185-bccc-585c8acb6397'),
('31cc6aaa-38a0-4185-bccc-585c8acb6397'),
('32cc6aaa-38a0-4185-bccc-585c8acb6397'),
('33cc6aaa-38a0-4185-bccc-585c8acb6397'),
('34cc6aaa-38a0-4185-bccc-585c8acb6397'),
('35cc6aaa-38a0-4185-bccc-585c8acb6397'),
('36cc6aaa-38a0-4185-bccc-585c8acb6397'),
('37cc6aaa-38a0-4185-bccc-585c8acb6397'),
('38cc6aaa-38a0-4185-bccc-585c8acb6397'),
('39cc6aaa-38a0-4185-bccc-585c8acb6397'),
('40cc6aaa-38a0-4185-bccc-585c8acb6397'),
('41cc6aaa-38a0-4185-bccc-585c8acb6397'),
('42cc6aaa-38a0-4185-bccc-585c8acb6397'),
('43cc6aaa-38a0-4185-bccc-585c8acb6397'),
('44cc6aaa-38a0-4185-bccc-585c8acb6397'),
('45cc6aaa-38a0-4185-bccc-585c8acb6397'),
('46cc6aaa-38a0-4185-bccc-585c8acb6397'),
('47cc6aaa-38a0-4185-bccc-585c8acb6397'),
('48cc6aaa-38a0-4185-bccc-585c8acb6397'),
('49cc6aaa-38a0-4185-bccc-585c8acb6397'),
('50cc6aaa-38a0-4185-bccc-585c8acb6397'),
('51cc6aaa-38a0-4185-bccc-585c8acb6397'),
('52cc6aaa-38a0-4185-bccc-585c8acb6397'),
('53cc6aaa-38a0-4185-bccc-585c8acb6397'),
('54cc6aaa-38a0-4185-bccc-585c8acb6397'),
('55cc6aaa-38a0-4185-bccc-585c8acb6397'),
('56cc6aaa-38a0-4185-bccc-585c8acb6397'),
('57cc6aaa-38a0-4185-bccc-585c8acb6397'),
('58cc6aaa-38a0-4185-bccc-585c8acb6397'),
('59cc6aaa-38a0-4185-bccc-585c8acb6397'),
('60cc6aaa-38a0-4185-bccc-585c8acb6397'),
('61cc6aaa-38a0-4185-bccc-585c8acb6397'),
('62cc6aaa-38a0-4185-bccc-585c8acb6397'),
('63cc6aaa-38a0-4185-bccc-585c8acb6397'),
('64cc6aaa-38a0-4185-bccc-585c8acb6397'),
('65cc6aaa-38a0-4185-bccc-585c8acb6397'),
('66cc6aaa-38a0-4185-bccc-585c8acb6397'),
('67cc6aaa-38a0-4185-bccc-585c8acb6397'),
('68cc6aaa-38a0-4185-bccc-585c8acb6397'),
('69cc6aaa-38a0-4185-bccc-585c8acb6397'),
('70cc6aaa-38a0-4185-bccc-585c8acb6397'),
('71cc6aaa-38a0-4185-bccc-585c8acb6397'),
('72cc6aaa-38a0-4185-bccc-585c8acb6397'),
('73cc6aaa-38a0-4185-bccc-585c8acb6397'),
('74cc6aaa-38a0-4185-bccc-585c8acb6397'),
('75cc6aaa-38a0-4185-bccc-585c8acb6397'),
('76cc6aaa-38a0-4185-bccc-585c8acb6397'),
('77cc6aaa-38a0-4185-bccc-585c8acb6397'),
('78cc6aaa-38a0-4185-bccc-585c8acb6397'),
('79cc6aaa-38a0-4185-bccc-585c8acb6397'),
('80cc6aaa-38a0-4185-bccc-585c8acb6397'),
('81cc6aaa-38a0-4185-bccc-585c8acb6397'),
('82cc6aaa-38a0-4185-bccc-585c8acb6397'),
('83cc6aaa-38a0-4185-bccc-585c8acb6397'),
('84cc6aaa-38a0-4185-bccc-585c8acb6397'),
('85cc6aaa-38a0-4185-bccc-585c8acb6397'),
('86cc6aaa-38a0-4185-bccc-585c8acb6397'),
('87cc6aaa-38a0-4185-bccc-585c8acb6397')
ON CONFLICT DO NOTHING;